<?xml version="1.0" encoding="UTF-8"?>
<GenRun Id="impl_1" LaunchPart="xc7a100tcsg324-1" LaunchTime="1588663374">
  <File Type="BITSTR-BMM" Name="vga_bd.bmm"/>
  <File Type="OPT-METHODOLOGY-DRC" Name="vga_methodology_drc_opted.rpt"/>
  <File Type="INIT-TIMING" Name="vga_timing_summary_init.rpt"/>
  <File Type="ROUTE-PWR" Name="vga_power_routed.rpt"/>
  <File Type="PA-TCL" Name="vga.tcl"/>
  <File Type="OPT-TIMING" Name="vga_timing_summary_opted.rpt"/>
  <File Type="OPT-DCP" Name="vga_opt.dcp"/>
  <File Type="ROUTE-PWR-SUM" Name="vga_power_summary_routed.pb"/>
  <File Type="REPORTS-TCL" Name="vga_reports.tcl"/>
  <File Type="OPT-DRC" Name="vga_drc_opted.rpt"/>
  <File Type="OPT-HWDEF" Name="vga.hwdef"/>
  <File Type="PWROPT-DCP" Name="vga_pwropt.dcp"/>
  <File Type="PWROPT-DRC" Name="vga_drc_pwropted.rpt"/>
  <File Type="PWROPT-TIMING" Name="vga_timing_summary_pwropted.rpt"/>
  <File Type="PLACE-DCP" Name="vga_placed.dcp"/>
  <File Type="PLACE-IO" Name="vga_io_placed.rpt"/>
  <File Type="PLACE-CLK" Name="vga_clock_utilization_placed.rpt"/>
  <File Type="PLACE-UTIL" Name="vga_utilization_placed.rpt"/>
  <File Type="PLACE-UTIL-PB" Name="vga_utilization_placed.pb"/>
  <File Type="PLACE-CTRL" Name="vga_control_sets_placed.rpt"/>
  <File Type="PLACE-SIMILARITY" Name="vga_incremental_reuse_placed.rpt"/>
  <File Type="PLACE-PRE-SIMILARITY" Name="vga_incremental_reuse_pre_placed.rpt"/>
  <File Type="PLACE-TIMING" Name="vga_timing_summary_placed.rpt"/>
  <File Type="POSTPLACE-PWROPT-DCP" Name="vga_postplace_pwropt.dcp"/>
  <File Type="BG-BIN" Name="vga.bin"/>
  <File Type="POSTPLACE-PWROPT-TIMING" Name="vga_timing_summary_postplace_pwropted.rpt"/>
  <File Type="PHYSOPT-DCP" Name="vga_physopt.dcp"/>
  <File Type="PHYSOPT-DRC" Name="vga_drc_physopted.rpt"/>
  <File Type="BITSTR-MSK" Name="vga.msk"/>
  <File Type="PHYSOPT-TIMING" Name="vga_timing_summary_physopted.rpt"/>
  <File Type="ROUTE-ERROR-DCP" Name="vga_routed_error.dcp"/>
  <File Type="ROUTE-DCP" Name="vga_routed.dcp"/>
  <File Type="ROUTE-BLACKBOX-DCP" Name="vga_routed_bb.dcp"/>
  <File Type="ROUTE-DRC" Name="vga_drc_routed.rpt"/>
  <File Type="ROUTE-DRC-PB" Name="vga_drc_routed.pb"/>
  <File Type="ROUTE-DRC-RPX" Name="vga_drc_routed.rpx"/>
  <File Type="BITSTR-MMI" Name="vga.mmi"/>
  <File Type="ROUTE-METHODOLOGY-DRC" Name="vga_methodology_drc_routed.rpt"/>
  <File Type="ROUTE-METHODOLOGY-DRC-RPX" Name="vga_methodology_drc_routed.rpx"/>
  <File Type="ROUTE-METHODOLOGY-DRC-PB" Name="vga_methodology_drc_routed.pb"/>
  <File Type="ROUTE-PWR-RPX" Name="vga_power_routed.rpx"/>
  <File Type="ROUTE-STATUS" Name="vga_route_status.rpt"/>
  <File Type="ROUTE-STATUS-PB" Name="vga_route_status.pb"/>
  <File Type="ROUTE-TIMINGSUMMARY" Name="vga_timing_summary_routed.rpt"/>
  <File Type="ROUTE-TIMING-PB" Name="vga_timing_summary_routed.pb"/>
  <File Type="ROUTE-TIMING-RPX" Name="vga_timing_summary_routed.rpx"/>
  <File Type="ROUTE-SIMILARITY" Name="vga_incremental_reuse_routed.rpt"/>
  <File Type="ROUTE-CLK" Name="vga_clock_utilization_routed.rpt"/>
  <File Type="ROUTE-BUS-SKEW" Name="vga_bus_skew_routed.rpt"/>
  <File Type="ROUTE-BUS-SKEW-PB" Name="vga_bus_skew_routed.pb"/>
  <File Type="ROUTE-BUS-SKEW-RPX" Name="vga_bus_skew_routed.rpx"/>
  <File Type="POSTROUTE-PHYSOPT-DCP" Name="vga_postroute_physopt.dcp"/>
  <File Type="POSTROUTE-PHYSOPT-BLACKBOX-DCP" Name="vga_postroute_physopt_bb.dcp"/>
  <File Type="POSTROUTE-PHYSOPT-TIMING" Name="vga_timing_summary_postroute_physopted.rpt"/>
  <File Type="POSTROUTE-PHYSOPT-TIMING-PB" Name="vga_timing_summary_postroute_physopted.pb"/>
  <File Type="POSTROUTE-PHYSOPT-TIMING-RPX" Name="vga_timing_summary_postroute_physopted.rpx"/>
  <File Type="POSTROUTE-PHYSOPT-BUS-SKEW" Name="vga_bus_skew_postroute_physopted.rpt"/>
  <File Type="POSTROUTE-PHYSOPT-BUS-SKEW-PB" Name="vga_bus_skew_postroute_physopted.pb"/>
  <File Type="BG-BIT" Name="vga.bit"/>
  <File Type="POSTROUTE-PHYSOPT-BUS-SKEW-RPX" Name="vga_bus_skew_postroute_physopted.rpx"/>
  <File Type="BITSTR-RBT" Name="vga.rbt"/>
  <File Type="BITSTR-NKY" Name="vga.nky"/>
  <File Type="PDI-FILE" Name="vga.pdi"/>
  <File Type="RCFI_FILE" Name="vga.rcfi"/>
  <File Type="CFI_FILE" Name="vga.cfi"/>
  <File Type="RNPI_FILE" Name="vga.rnpi"/>
  <File Type="NPI_FILE" Name="vga.npi"/>
  <File Type="RBD_FILE" Name="vga.rbd"/>
  <File Type="BITSTR-LTX" Name="debug_nets.ltx"/>
  <File Type="BITSTR-LTX" Name="vga.ltx"/>
  <File Type="BITSTR-SYSDEF" Name="vga.sysdef"/>
  <File Type="BG-BGN" Name="vga.bgn"/>
  <File Type="BG-DRC" Name="vga.drc"/>
  <File Type="RDI-RDI" Name="vga.vdi"/>
  <File Type="WBT-USG" Name="usage_statistics_webtalk.html"/>
  <FileSet Name="sources" Type="DesignSrcs" RelSrcDir="$PSRCDIR/sources_1">
    <Filter Type="Srcs"/>
    <File Path="$PSRCDIR/sources_1/new/circle_math.sv">
      <FileInfo>
        <Attr Name="UsedIn" Val="synthesis"/>
        <Attr Name="UsedIn" Val="implementation"/>
        <Attr Name="UsedIn" Val="simulation"/>
      </FileInfo>
    </File>
    <File Path="$PSRCDIR/sources_1/new/lfsr16.sv">
      <FileInfo>
        <Attr Name="UsedIn" Val="synthesis"/>
        <Attr Name="UsedIn" Val="implementation"/>
        <Attr Name="UsedIn" Val="simulation"/>
      </FileInfo>
    </File>
    <File Path="$PSRCDIR/sources_1/new/mod_m_counter.sv">
      <FileInfo>
        <Attr Name="UsedIn" Val="synthesis"/>
        <Attr Name="UsedIn" Val="implementation"/>
        <Attr Name="UsedIn" Val="simulation"/>
      </FileInfo>
    </File>
    <File Path="$PSRCDIR/sources_1/new/ps2rx.sv">
      <FileInfo>
        <Attr Name="UsedIn" Val="synthesis"/>
        <Attr Name="UsedIn" Val="implementation"/>
        <Attr Name="UsedIn" Val="simulation"/>
      </FileInfo>
    </File>
    <File Path="$PSRCDIR/sources_1/new/sin_rom.sv">
      <FileInfo>
        <Attr Name="UsedIn" Val="synthesis"/>
        <Attr Name="UsedIn" Val="implementation"/>
        <Attr Name="UsedIn" Val="simulation"/>
      </FileInfo>
    </File>
    <File Path="$PSRCDIR/sources_1/new/twos_complement.sv">
      <FileInfo>
        <Attr Name="UsedIn" Val="synthesis"/>
        <Attr Name="UsedIn" Val="implementation"/>
        <Attr Name="UsedIn" Val="simulation"/>
      </FileInfo>
    </File>
    <File Path="$PSRCDIR/sources_1/new/vga.sv">
      <FileInfo>
        <Attr Name="ImportPath" Val="$PPRDIR/../SpaceTerm.srcs/sources_1/new/vga.sv"/>
        <Attr Name="ImportTime" Val="1586650731"/>
        <Attr Name="UsedIn" Val="synthesis"/>
        <Attr Name="UsedIn" Val="implementation"/>
        <Attr Name="UsedIn" Val="simulation"/>
      </FileInfo>
    </File>
    <File Path="$PSRCDIR/sources_1/new/risingEdgeDetector.sv">
      <FileInfo>
        <Attr Name="AutoDisabled" Val="1"/>
        <Attr Name="UsedIn" Val="synthesis"/>
        <Attr Name="UsedIn" Val="implementation"/>
        <Attr Name="UsedIn" Val="simulation"/>
      </FileInfo>
    </File>
    <Config>
      <Option Name="DesignMode" Val="RTL"/>
      <Option Name="TopModule" Val="vga"/>
      <Option Name="TopAutoSet" Val="TRUE"/>
    </Config>
  </FileSet>
  <FileSet Name="constrs_in" Type="Constrs" RelSrcDir="$PSRCDIR/constrs_1">
    <Filter Type="Constrs"/>
    <File Path="$PSRCDIR/constrs_1/new/constraints.xdc">
      <FileInfo>
        <Attr Name="ImportPath" Val="$PPRDIR/../SpaceTerm.srcs/constrs_1/new/constraints.xdc"/>
        <Attr Name="ImportTime" Val="1586645653"/>
        <Attr Name="UsedIn" Val="synthesis"/>
        <Attr Name="UsedIn" Val="implementation"/>
      </FileInfo>
    </File>
    <Config>
      <Option Name="ConstrsType" Val="XDC"/>
    </Config>
  </FileSet>
  <FileSet Name="utils" Type="Utils" RelSrcDir="$PSRCDIR/utils_1">
    <Filter Type="Utils"/>
    <Config>
      <Option Name="TopAutoSet" Val="TRUE"/>
    </Config>
  </FileSet>
  <Strategy Version="1" Minor="2">
    <StratHandle Name="Vivado Implementation Defaults" Flow="Vivado Implementation 2019"/>
    <Step Id="init_design"/>
    <Step Id="opt_design"/>
    <Step Id="power_opt_design"/>
    <Step Id="place_design"/>
    <Step Id="post_place_power_opt_design"/>
    <Step Id="phys_opt_design" EnableStepBool="1"/>
    <Step Id="route_design"/>
    <Step Id="post_route_phys_opt_design"/>
    <Step Id="write_bitstream"/>
  </Strategy>
  <BlockFileSet Type="BlockSrcs" Name="CLK25MHz"/>
</GenRun>
